marker,chr,pos
M_bPb6318,1H,0
M_FGXOWB00503,1H,0
M_bPb7112,1H,0
M_BCD1434,1H,0
M_20275,1H,0
M_10460,1H,2.5
M_FGXOWB00491,1H,2.5
M_11311,1H,2.5
M_FGXOWB00086,1H,3.299
M_DsT66,1H,3.728
M_bPb0181,1H,3.728
M_10410,1H,3.728
M_10636,1H,4.963
M_11011,1H,6.197
M_30933,1H,6.197
M_bPb9608,1H,7.432
M_bPb7137,1H,7.432
M_bPb7043,1H,7.432
M_bPb1318,1H,7.432
M_Act8A,1H,7.432
M_21226,1H,9.932
M_220835,1H,13.732
M_RbgMD,1H,13.732
M_31533,1H,13.732
M_222208,1H,13.732
M_30952,1H,13.732
M_105102,1H,13.732
M_30950,1H,13.732
M_30919,1H,13.732
M_30817,1H,13.732
M_222789,1H,14.966
M_bPb7889,1H,17.467
M_MWG837B,1H,17.467
M_30955,1H,21.266
M_ABC165C,1H,21.266
M_FGXOWB00106,1H,21.266
M_FGXOWB00146,1H,21.266
M_FGXOWB00046,1H,21.266
M_scind00046,1H,21.266
M_FGXOWB00258,1H,22.501
M_223986,1H,22.501
M_Bmac0399,1H,25.001
M_30876,1H,26.236
M_GBM1007,1H,26.236
M_105118,1H,30.035
M_20712,1H,30.035
M_30241,1H,30.035
M_bPb2166,1H,30.035
M_FGXOWB00114,1H,30.035
M_10186,1H,30.035
M_BCD098,1H,32.536
M_221879,1H,32.536
M_31276,1H,33.77
M_bPb9418,1H,37.57
M_bPb4813,1H,37.57
M_bPb3217,1H,37.57
M_10760,1H,42.702
M_104834,1H,42.702
M_104921,1H,42.702
M_FGXOWB00167,1H,42.702
M_GBM1042,1H,43.937
M_221425,1H,43.937
M_10814,1H,43.937
M_FGXOWB00208,1H,45.284
M_bPb5672,1H,46.406
M_11357,1H,46.406
M_bPb1535,1H,46.406
M_bPb8662,1H,46.406
M_bPb1398,1H,46.406
M_10238,1H,46.406
M_11498,1H,46.406
M_bPb1231,1H,46.406
M_bPb9388,1H,46.406
M_bPb1586,1H,46.406
M_30336,1H,46.406
M_bPb0357,1H,47.641
M_bPb5164,1H,47.641
M_20514,1H,47.641
M_bPb0482,1H,47.641
M_11266,1H,47.641
M_bPb2175,1H,47.641
M_bPb1604,1H,47.641
M_30268,1H,47.641
M_222328,1H,47.641
M_221108,1H,47.641
M_10294,1H,51.44
M_FGXOWB00200,1H,51.98
M_10438,1H,52.668
M_10938,1H,52.668
M_223055,1H,52.668
M_11336,1H,52.668
M_bPb0579,1H,52.668
M_21000,1H,52.668
M_11169,1H,52.668
M_11287,1H,52.668
M_bPb9360,1H,52.668
M_20427,1H,52.668
M_11036,1H,52.668
M_21357,1H,52.668
M_20047,1H,52.668
M_FGXOWB00249,1H,52.668
M_30562,1H,52.668
M_11301,1H,52.668
M_31191,1H,52.668
M_20757,1H,52.668
M_Bmag0211,1H,52.668
M_30436,1H,52.668
M_FGXOWB00391,1H,52.668
M_31134,1H,52.668
M_221321,1H,52.668
M_30462,1H,52.668
M_30258,1H,52.668
M_21312,1H,52.668
M_31381,1H,52.668
M_20912,1H,52.668
M_30762,1H,52.668
M_11209,1H,52.668
M_21408,1H,52.668
M_20810,1H,52.668
M_20698,1H,52.668
M_30498,1H,52.668
M_30774,1H,53.902
M_11107,1H,53.902
M_FGXOWB00389,1H,53.902
M_30522,1H,53.902
M_11217,1H,56.403
M_11359,1H,56.403
M_21217,1H,56.403
M_FGXOWB00376,1H,56.403
M_bPb1193,1H,57.637
M_30243,1H,57.637
M_11256,1H,57.637
M_FGXOWB00282,1H,57.637
M_10293,1H,57.637
M_bPb1791,1H,57.637
M_BG369940,1H,57.637
M_30348,1H,57.637
M_bPb3382,1H,57.637
M_30710,1H,57.637
M_10198,1H,57.637
M_30741,1H,57.637
M_FGXOWB00315,1H,58.872
M_30343,1H,58.872
M_10768,1H,60.107
M_21333,1H,60.107
M_FGXOWB00023,1H,60.107
M_11444,1H,60.107
M_21463,1H,62.607
M_bPb1723,1H,62.607
M_31532,1H,62.607
M_bPb9005,1H,62.607
M_10201,1H,62.607
M_11049,1H,63.842
M_30744,1H,63.842
M_10617,1H,63.842
M_30304,1H,63.842
M_10302,1H,65.076
M_FGXOWB00216,1H,65.076
M_21131,1H,65.076
M_31401,1H,66.311
M_31179,1H,66.311
M_bPb1133,1H,67.546
M_222086,1H,67.546
M_21431,1H,67.546
M_20642,1H,67.546
M_bPb8183,1H,67.546
M_bPb3389,1H,72.678
M_bPb5339,1H,72.678
M_30295,1H,72.678
M_11367,1H,72.678
M_10002,1H,72.678
M_11062,1H,72.678
M_ABC160,1H,73.913
M_10166,1H,75.148
M_30298,1H,75.148
M_FGXOWB00418,1H,75.148
M_30505,1H,75.148
M_10463,1H,75.148
M_20696,1H,75.148
M_bPb8713,1H,76.382
M_bPb6117,1H,76.382
M_21176,1H,76.382
M_30742,1H,76.382
M_11075,1H,76.382
M_11267,1H,77.617
M_20121,1H,78.851
M_10279,1H,78.851
M_10890,1H,78.851
M_224235,1H,80.086
M_10466,1H,86.589
M_FGXOWB00063,1H,91.721
M_30072,1H,91.721
M_bPb8477,1H,91.721
M_FGXOWB00479,1H,91.721
M_11463,1H,95.521
M_30204,1H,96.755
M_FGXOWB00105,1H,96.755
M_11144,1H,96.755
M_FGXOWB00372,1H,99.256
M_FGXOWB00276,1H,99.256
M_10535,1H,99.256
M_FGXOWB00009,1H,99.808
M_11008,1H,100.483
M_JS10C,1H,100.483
M_11439,1H,100.483
M_FGXOWB00394,1H,100.483
M_20769,1H,100.483
M_20475,1H,100.483
M_31192,1H,100.483
M_bPb7963,1H,100.483
M_11277,1H,101.718
M_FGXOWB00449,1H,101.718
M_FGXOWB00515,1H,101.718
M_20754,1H,104.218
M_20169,1H,104.218
M_FGXOWB00278,1H,104.218
M_FGXOWB00285,1H,104.218
M_FGXOWB00193,1H,104.218
M_bPb2007,1H,104.218
M_bPb7429,1H,110.721
M_21020,1H,110.721
M_20909,1H,110.721
M_FGXOWB00334,1H,110.721
M_10111,1H,110.721
M_20613,1H,110.721
M_221687,1H,110.721
M_20187,1H,110.721
M_MWG706A,1H,110.721
M_FGXOWB00178,1H,110.721
M_bPb1419,1H,110.721
M_bPb9180,1H,110.721
M_11173,1H,110.721
M_30191,1H,117.223
M_20780,1H,118.458
M_KFP170,1H,118.458
M_223108,1H,118.458
M_20921,1H,118.458
M_FGXOWB00113,1H,119.693
M_FGXOWB00485,1H,119.693
M_221039,1H,119.693
M_bPb9108,1H,119.693
M_20625,1H,119.693
M_20021,1H,122.193
M_bPb2063,1H,124.694
M_bPb5014,1H,124.694
M_31526,1H,124.694
M_bPb5198,1H,124.694
M_10905,1H,127.194
M_FGXOWB00359,1H,127.194
M_FGXOWB00525,1H,127.194
M_11409,1H,128.429
M_10854,1H,130.929
M_10338,1H,130.929
M_30257,1H,130.929
M_221902,1H,130.929
M_FGXOWB00045,1H,130.929
M_FGXOWB00256,1H,132.164
M_21172,1H,134.665
M_31105,1H,135.899
M_10339,1H,135.899
M_FGXOWB00239,1H,135.899
M_11457,1H,137.134
M_MWG2028,1H,140.933
M_10207,1H,140.933
M_10808,1H,142.168
M_31387,1H,142.168
M_bPb5090,1H,142.168
M_ABC261,1H,142.168
M_30649,1H,143.402
M_bPb6065,1H,143.402
M_KFP257B,1H,143.402
M_bPb9552,1H,143.402
M_10693,1H,143.402
M_bPb6502,1H,145.903
M_10903,1H,145.903
M_20383,1H,148.403
M_11271,1H,149.638
M_30803,1H,149.638
M_21105,1H,152.139
M_WMC1E8,1H,152.139
M_FGXOWB00125,1H,152.139
M_FGXOWB00426,1H,152.139
M_FGXOWB00090,1H,152.139
M_11509,1H,154.639
M_11320,1H,154.639
M_10041,1H,154.639
M_MWG912,1H,154.639
M_20594,1H,155.874
M_FGXOWB00031,1H,157.108
M_31081,1H,158.343
M_bPb2260,1H,158.343
M_bPb5550,1H,158.343
M_20840,1H,158.343
M_ABG387A,1H,158.343
M_bPb1487,1H,158.343
M_30048,1H,158.343
M_FGXOWB00197,1H,158.343
M_bPb3756,1H,158.343
M_scssr04163,1H,158.343
M_223556,2H,0
M_FGXOWB00196,2H,1.26
M_bPb8959,2H,1.26
M_FGXOWB00441,2H,1.26
M_11407,2H,1.26
M_bPb7151,2H,1.26
M_bPb0516,2H,1.26
M_220862,2H,1.26
M_FGXOWB00098,2H,1.26
M_FGXOWB00453,2H,1.26
M_bPb5191,2H,1.26
M_bPb3598,2H,1.26
M_FGXOWB00455,2H,1.26
M_bPb0611,2H,1.26
M_bPb3608,2H,1.26
M_10970,2H,1.26
M_31446,2H,1.26
M_222367,2H,1.26
M_bPb7892,2H,1.26
M_bPb0485,2H,1.26
M_FGXOWB00463,2H,1.997
M_FGXOWB00461,2H,2.487
M_21466,2H,3.722
M_ABG058,2H,3.722
M_10718,2H,4.956
M_222211,2H,4.956
M_scind02622,2H,4.956
M_21415,2H,6.191
M_223937,2H,7.425
M_FGXOWB00005,2H,7.425
M_bPb0205,2H,7.425
M_bPb5033,2H,7.425
M_bPb7969,2H,7.425
M_bPb0471,2H,7.425
M_FGXOWB00496,2H,7.425
M_11030,2H,7.425
M_FGXOWB00147,2H,7.425
M_bPb5900,2H,7.425
M_bPb0615,2H,9.926
M_bPb5688,2H,9.926
M_223539,2H,9.926
M_bPb7557,2H,9.926
M_bPb5519,2H,9.926
M_bPb7024,2H,9.926
M_221144,2H,9.926
M_11059,2H,12.427
M_10230,2H,12.427
M_FGXOWB00138,2H,13.661
M_223312,2H,13.661
M_221686,2H,14.896
M_30155,2H,14.896
M_bPb6897,2H,14.896
M_220974,2H,14.896
M_bPb4481,2H,14.896
M_bPb9220,2H,14.896
M_bPb4295,2H,14.896
M_FGXOWB00263,2H,14.896
M_bPb6128,2H,14.896
M_30631,2H,14.896
M_30775,2H,14.896
M_bPb0715,2H,14.896
M_bPb1708,2H,14.896
M_FGXOWB00403,2H,14.896
M_bPb8399,2H,14.896
M_bPb5444,2H,14.896
M_FGXOWB00061,2H,14.896
M_ABG008,2H,14.896
M_30402,2H,14.896
M_bPb4715,2H,16.13
M_222714,2H,16.13
M_bPb2108,2H,16.13
M_104949,2H,16.13
M_bPb2355,2H,16.13
M_bPb8986,2H,16.13
M_221518,2H,16.13
M_222296,2H,16.13
M_bPb6879,2H,16.13
M_21423,2H,16.13
M_bPb6494,2H,16.13
M_bPb8374,2H,16.13
M_bPb2782,2H,16.13
M_20724,2H,17.365
M_FGXOWB00507,2H,17.365
M_FGXOWB00012,2H,17.365
M_bPb8292,2H,17.365
M_11040,2H,19.866
M_bPb4875,2H,42.639
M_bPb9682,2H,42.639
M_bPb4261,2H,42.639
M_scssr10226,2H,42.639
M_21261,2H,42.639
M_20593,2H,43.874
M_10307,2H,45.109
M_scssr07759,2H,45.109
M_bPb2501,2H,45.109
M_bPb7906,2H,45.109
M_20368,2H,45.109
M_10891,2H,45.109
M_bPb3190,2H,45.109
M_FGXOWB00480,2H,46.343
M_21049,2H,46.343
M_11304,2H,47.578
M_GBM1066,2H,47.578
M_FGXOWB00289,2H,48.812
M_FGXOWB00412,2H,48.812
M_FGXOWB00073,2H,48.812
M_10847,2H,48.812
M_bPb2230,2H,51.313
M_21461,2H,51.313
M_30420,2H,51.313
M_10525,2H,51.313
M_10342,2H,51.313
M_FGXOWB00483,2H,51.313
M_20326,2H,51.313
M_FGXOWB00436,2H,51.313
M_FGXOWB00522,2H,51.313
M_FGXOWB00129,2H,51.313
M_Pox,2H,51.313
M_10837,2H,51.313
M_11057,2H,51.313
M_10178,2H,51.313
M_bPb0722,2H,51.313
M_30657,2H,51.313
M_10919,2H,51.313
M_FGXOWB00363,2H,51.313
M_10296,2H,51.313
M_10084,2H,52.548
M_11493,2H,52.548
M_30379,2H,53.782
M_FGXOWB00118,2H,53.782
M_FGXOWB00324,2H,53.782
M_10715,2H,53.782
M_FGXOWB00255,2H,53.782
M_30029,2H,53.782
M_10486,2H,55.017
M_30491,2H,55.017
M_20281,2H,56.252
M_10204,2H,56.252
M_11340,2H,56.252
M_10498,2H,58.752
M_bPb5057,2H,58.752
M_11505,2H,58.752
M_FGXOWB00287,2H,58.752
M_bPb9925,2H,58.752
M_FGXOWB00338,2H,58.752
M_FGXOWB00201,2H,59.39
M_30691,2H,59.979
M_21005,2H,59.979
M_30604,2H,59.979
M_10156,2H,59.979
M_bPb0220,2H,59.979
M_223952,2H,59.979
M_20688,2H,59.979
M_11428,2H,59.979
M_20674,2H,59.979
M_10422,2H,61.214
M_11302,2H,61.214
M_222438,2H,61.214
M_20929,2H,61.214
M_221628,2H,61.214
M_scssr03381,2H,61.214
M_11131,2H,61.214
M_10638,2H,61.214
M_11522,2H,63.714
M_31474,2H,63.714
M_11400,2H,63.714
M_20748,2H,66.215
M_20387,2H,66.215
M_20602,2H,66.215
M_20234,2H,66.215
M_bPb3056,2H,66.215
M_20235,2H,66.215
M_20917,2H,66.215
M_FGXOWB00419,2H,66.215
M_30195,2H,66.215
M_10147,2H,66.215
M_bPb6438,2H,66.215
M_10927,2H,66.215
M_FGXOWB00505,2H,66.215
M_bPb6881,2H,66.215
M_30251,2H,66.215
M_20004,2H,67.449
M_10558,2H,67.449
M_30209,2H,67.449
M_30487,2H,67.449
M_30557,2H,67.449
M_20643,2H,67.449
M_Hot1,2H,67.449
M_FGXOWB00189,2H,67.977
M_31218,2H,68.677
M_220842,2H,68.677
M_30772,2H,68.677
M_21286,2H,68.677
M_FGXOWB00107,2H,68.677
M_20378,2H,68.677
M_bPb1836,2H,68.677
M_20500,2H,68.677
M_FGXOWB00220,2H,68.677
M_222433,2H,68.677
M_11211,2H,68.677
M_10474,2H,68.677
M_20878,2H,68.677
M_21337,2H,68.677
M_FGXOWB00175,2H,68.677
M_20039,2H,68.677
M_30206,2H,68.677
M_21434,2H,68.677
M_20181,2H,68.677
M_10947,2H,68.677
M_10330,2H,68.677
M_20458,2H,68.677
M_220925,2H,68.677
M_30853,2H,68.677
M_20417,2H,68.677
M_20032,2H,68.677
M_30634,2H,68.677
M_11369,2H,68.677
M_FGXOWB00439,2H,68.677
M_31189,2H,68.677
M_10485,2H,68.677
M_10154,2H,68.677
M_10099,2H,68.677
M_10883,2H,68.677
M_30068,2H,68.677
M_20196,2H,68.677
M_11288,2H,68.677
M_FGXOWB00346,2H,68.677
M_scssr02236,2H,68.677
M_Ebmac0684,2H,68.677
M_11155,2H,68.677
M_FGXOWB00121,2H,68.677
M_10948,2H,68.677
M_11384,2H,69.911
M_20335,2H,71.146
M_FGXOWB00401,2H,71.146
M_FGXOWB00280,2H,71.146
M_FGXOWB00122,2H,71.722
M_scssr00334,2H,72.373
M_FGXOWB00100,2H,72.373
M_30245,2H,72.373
M_10436,2H,73.607
M_FGXOWB00313,2H,73.607
M_FGXOWB00365,2H,73.607
M_FGXOWB00072,2H,73.607
M_10632,2H,73.607
M_10640,2H,73.607
M_ABG356,2H,74.842
M_31256,2H,74.842
M_31252,2H,74.842
M_21476,2H,74.842
M_20442,2H,74.842
M_11316,2H,74.842
M_11430,2H,74.842
M_20374,2H,74.842
M_bPb4837,2H,76.077
M_GBM1023,2H,76.077
M_bPb6437,2H,76.077
M_bPb7256,2H,76.077
M_31307,2H,76.077
M_21094,2H,76.077
M_11072,2H,76.077
M_11347,2H,76.077
M_bPb0885,2H,76.077
M_bPb9754,2H,78.577
M_222771,2H,78.577
M_bPb4040,2H,78.577
M_11096,2H,78.577
M_bPb6088,2H,78.577
M_bPb5440,2H,78.577
M_FGXOWB00227,2H,78.577
M_20833,2H,82.377
M_10407,2H,82.377
M_bPb7243,2H,82.377
M_bPb8100,2H,82.377
M_30205,2H,82.377
M_31021,2H,82.377
M_20528,2H,83.611
M_20667,2H,83.611
M_11402,2H,84.846
M_FGXOWB00003,2H,84.846
M_FGXOWB00079,2H,86.08
M_31394,2H,86.08
M_30178,2H,88.581
M_scsnp03343,2H,91.081
M_222968,2H,91.081
M_31445,2H,92.316
M_11388,2H,92.316
M_10859,2H,94.817
M_FGXOWB00431,2H,94.817
M_10786,2H,94.817
M_11100,2H,97.317
M_30901,2H,98.552
M_11533,2H,98.552
M_30897,2H,98.552
M_30900,2H,98.552
M_vrs1,2H,98.552
M_FGXOWB00337,2H,98.552
M_20340,2H,98.552
M_10936,2H,102.351
M_10969,2H,103.586
M_21351,2H,103.586
M_20793,2H,104.82
M_Bmag0125,2H,104.82
M_FGXOWB00508,2H,104.82
M_FGXOWB00026,2H,104.82
M_FGXOWB00007,2H,107.321
M_DsT41,2H,109.821
M_FGXOWB00273,2H,109.821
M_MWG503,2H,112.322
M_bPb4835,2H,113.557
M_bPb1926,2H,113.557
M_FGXOWB00074,2H,113.557
M_11285,2H,113.557
M_bPb6194,2H,113.557
M_FGXOWB00022,2H,113.557
M_11307,2H,113.557
M_21007,2H,113.557
M_bPb7991,2H,113.557
M_GBM1062,2H,113.557
M_30216,2H,113.557
M_bPb3563,2H,113.557
M_KFP203,2H,114.791
M_20923,2H,117.292
M_FGXOWB00526,2H,117.292
M_MWG882A,2H,117.292
M_10398,2H,117.292
M_30200,2H,117.292
M_10900,2H,118.526
M_21527,2H,118.526
M_11466,2H,118.526
M_30095,2H,119.761
M_30480,2H,119.761
M_bPb3653,2H,122.261
M_bPb8737,2H,122.261
M_11323,2H,122.261
M_bPb4577,2H,122.261
M_bPb1772,2H,122.261
M_30555,2H,122.261
M_30049,2H,122.261
M_11094,2H,126.061
M_bPb6822,2H,126.061
M_FGXOWB00464,2H,126.061
M_FGXOWB00183,2H,132.563
M_bPb2481,2H,132.563
M_FGXOWB00209,2H,132.563
M_bPb8274,2H,132.563
M_20955,2H,132.563
M_bPb3870,2H,132.563
M_31402,2H,132.563
M_223776,2H,132.563
M_FGXOWB00060,2H,132.563
M_10990,2H,132.563
M_10128,2H,132.563
M_20064,2H,132.563
M_ABG072,2H,132.563
M_21238,2H,132.563
M_FGXOWB00299,2H,132.563
M_10989,2H,132.563
M_11043,2H,132.563
M_FGXOWB00047,2H,132.563
M_10263,2H,132.563
M_30459,2H,133.798
M_10707,2H,133.798
M_FGXOWB00055,2H,133.798
M_10429,2H,133.798
M_20989,2H,133.798
M_11236,2H,133.798
M_10739,2H,137.597
M_FGXOWB00173,2H,137.597
M_10780,2H,140.098
M_31406,2H,140.098
M_bPb8949,2H,141.332
M_bPb1266,2H,141.332
M_bPb0541,2H,143.833
M_21315,2H,143.833
M_30152,2H,143.833
M_221435,2H,143.833
M_bPb6688,2H,143.833
M_30097,2H,143.833
M_11365,2H,143.833
M_bPb7992,2H,143.833
M_20141,2H,143.833
M_222960,2H,146.334
M_30695,2H,146.334
M_Ebmc0415,2H,146.334
M_10446,2H,146.334
M_30310,2H,146.334
M_21459,2H,146.334
M_FGXOWB00123,2H,146.334
M_11486,2H,146.334
M_FGXOWB00238,2H,146.334
M_31100,2H,146.334
M_FGXOWB00181,2H,146.334
M_10109,2H,146.334
M_30041,2H,146.334
M_FGXOWB00343,2H,146.334
M_21406,2H,146.334
M_bPb2971,2H,147.568
M_FGXOWB00011,2H,147.568
M_cnx1,2H,147.568
M_bPb5412,2H,147.568
M_222464,2H,148.803
M_10065,2H,151.303
M_10472,2H,151.303
M_30678,2H,151.303
M_21125,2H,151.303
M_20215,2H,151.303
M_bPb3858,2H,151.303
M_10383,2H,151.303
M_FGXOWB00153,2H,151.303
M_21336,2H,151.303
M_FGXOWB00198,2H,153.804
M_11227,2H,153.804
M_30106,2H,155.038
M_30396,2H,155.038
M_bPb1505,2H,155.038
M_221983,2H,155.038
M_Zeo1,2H,156.273
M_30248,2H,158.774
M_21181,2H,160.008
M_20590,2H,160.008
M_223553,2H,167.919
M_bPb5619,2H,169.154
M_bPb1184,2H,169.154
M_bPb1815,2H,169.154
M_FGXOWB00152,2H,169.154
M_11023,2H,169.154
M_bPb8530,2H,169.154
M_FGXOWB00229,2H,169.154
M_bPb1566,2H,169.154
M_bPb4092,2H,169.154
M_bPb1986,2H,169.154
M_bPb5460,2H,169.154
M_GBM1019,2H,169.154
M_bPb0303,2H,169.154
M_221407,2H,169.154
M_10315,2H,169.154
M_10566,2H,169.154
M_bPb7208,2H,169.154
M_20943,2H,170.389
M_FGXOWB00377,2H,170.389
M_FGXOWB00322,2H,171.623
M_FGXOWB00312,2H,171.623
M_Aglu4,2H,171.623
M_FGXOWB00132,2H,171.623
M_Aglu5,2H,171.623
M_FGXOWB00099,2H,171.623
M_30823,2H,171.623
M_10937,2H,174.124
M_MWG720,2H,174.124
M_31300,2H,174.124
M_20957,2H,175.358
M_bPb4601,2H,177.859
M_bPb7212,2H,177.859
M_bPb1611,2H,177.859
M_FGXOWB00004,2H,177.859
M_bPb4232,2H,177.859
M_bPb1181,2H,177.859
M_FGXOWB00294,2H,177.859
M_10329,2H,180.36
M_GBM1012,2H,180.36
M_11050,2H,182.86
M_FGXOWB00207,2H,182.86
M_bPb0305,2H,182.86
M_bPb9419,2H,182.86
M_bPb6296,2H,182.86
M_bPb6048,2H,182.86
M_10085,2H,182.86
M_bPb1085,2H,182.86
M_bPb3102,2H,182.86
M_223337,2H,182.86
M_bPb8698,2H,182.86
M_21414,2H,184.095
M_FGXOWB00308,2H,184.095
M_21496,2H,185.329
M_FGXOWB00293,2H,186.564
M_30102,2H,187.799
M_FGXOWB00408,2H,187.799
M_MWG949A,2H,187.799
M_FGXOWB00471,2H,187.799
M_scssr08447,2H,187.799
M_31428,3H,0
M_bPb4022,3H,0
M_20858,3H,0
M_20090,3H,0
M_FGXOWB00226,3H,1.235
M_221259,3H,2.469
M_bPb2553,3H,3.704
M_223116,3H,3.704
M_20797,3H,3.704
M_224140,3H,3.704
M_bPb3815,3H,3.704
M_bPb4895,3H,3.704
M_11434,3H,6.204
M_20252,3H,10.004
M_31409,3H,10.004
M_FGXOWB00223,3H,10.004
M_11453,3H,10.004
M_FGXOWB00162,3H,10.004
M_FGXOWB00400,3H,10.004
M_20953,3H,10.004
M_bPb1264,3H,10.004
M_bPb3689,3H,12.504
M_11005,3H,13.739
M_30297,3H,13.739
M_bPb9945,3H,13.739
M_21027,3H,13.739
M_21398,3H,13.739
M_11310,3H,14.973
M_30910,3H,14.973
M_20976,3H,14.973
M_10886,3H,14.973
M_30915,3H,16.208
M_FGXOWB00469,3H,16.208
M_221362,3H,16.208
M_221142,3H,17.443
M_223396,3H,17.443
M_223877,3H,17.443
M_220882,3H,17.443
M_FGXOWB00261,3H,19.943
M_FGXOWB00075,3H,19.943
M_30113,3H,19.943
M_bPb9745,3H,21.178
M_21410,3H,21.178
M_20172,3H,21.178
M_bPb7448,3H,22.412
M_20742,3H,22.412
M_10565,3H,22.412
M_221551,3H,22.412
M_bPb0654,3H,22.412
M_221552,3H,22.412
M_bPb0663,3H,24.913
M_bPb3229,3H,24.913
M_bPb0548,3H,24.913
M_bPb3865,3H,24.913
M_bPb4824,3H,24.913
M_GBM1074,3H,28.712
M_20982,3H,28.712
M_30192,3H,29.947
M_20552,3H,31.181
M_20794,3H,32.416
M_10559,3H,32.416
M_10691,3H,32.416
M_30920,3H,32.416
M_221274,3H,34.917
M_11237,3H,34.917
M_MWG798B,3H,34.917
M_220909,3H,34.917
M_30284,3H,34.917
M_20455,3H,34.917
M_20968,3H,34.917
M_21402,3H,34.917
M_bPb5289,3H,36.151
M_FGXOWB00182,3H,36.151
M_105024,3H,36.151
M_bPb9961,3H,36.151
M_bPb2929,3H,36.151
M_bPb9903,3H,36.151
M_10026,3H,38.652
M_20607,3H,38.652
M_Dst27,3H,38.652
M_30571,3H,38.652
M_30431,3H,38.652
M_11527,3H,38.652
M_bPb3030,3H,38.652
M_21268,3H,38.652
M_bPb6275,3H,42.451
M_10968,3H,42.451
M_220886,3H,42.451
M_bPb2324,3H,42.451
M_bPb7938,3H,42.451
M_bPb9129,3H,42.451
M_BCD706,3H,42.451
M_222320,3H,42.451
M_bPb2993,3H,42.451
M_FGXOWB00517,3H,42.451
M_bPb2910,3H,42.451
M_222615,3H,42.451
M_221166,3H,42.451
M_bPb5892,3H,42.451
M_10081,3H,42.451
M_222411,3H,42.451
M_10598,3H,42.451
M_31159,3H,44.952
M_30953,3H,44.952
M_31298,3H,44.952
M_FGXOWB00210,3H,47.452
M_bPb3332,3H,47.452
M_bPb0158,3H,47.452
M_FGXOWB00221,3H,49.953
M_FGXOWB00141,3H,51.187
M_30913,3H,52.422
M_21506,3H,52.422
M_FGXOWB00248,3H,52.422
M_11117,3H,52.422
M_21259,3H,52.422
M_FGXOWB00393,3H,52.422
M_30609,3H,54.922
M_21189,3H,54.922
M_bPb4407,3H,56.157
M_FGXOWB00445,3H,56.157
M_20264,3H,56.157
M_FGXOWB00237,3H,56.157
M_FGXOWB00380,3H,56.157
M_11069,3H,56.157
M_30467,3H,56.157
M_30583,3H,57.392
M_30721,3H,57.392
M_11102,3H,57.392
M_bPb0068,3H,58.626
M_bPb6771,3H,58.626
M_31015,3H,58.626
M_224015,3H,58.626
M_223843,3H,58.626
M_30922,3H,58.626
M_FGXOWB00127,3H,58.626
M_11387,3H,58.626
M_30923,3H,58.626
M_30680,3H,59.861
M_11511,3H,59.861
M_alm,3H,59.861
M_FGXOWB00297,3H,59.861
M_10233,3H,59.861
M_20866,3H,61.096
M_11265,3H,62.33
M_30262,3H,62.33
M_31008,3H,62.33
M_FGXOWB00030,3H,62.33
M_FGXOWB00429,3H,62.33
M_10391,3H,62.33
M_20591,3H,63.565
M_10925,3H,63.565
M_20486,3H,63.565
M_31502,3H,63.565
M_30039,3H,63.565
M_11099,3H,63.565
M_30130,3H,63.565
M_21147,3H,63.565
M_21472,3H,63.565
M_11295,3H,63.565
M_20408,3H,63.565
M_FGXOWB00416,3H,63.565
M_21435,3H,63.565
M_20801,3H,63.565
M_11125,3H,63.565
M_bPb8666,3H,63.565
M_11337,3H,63.565
M_11530,3H,63.565
M_FGXOWB00056,3H,63.565
M_FGXOWB00068,3H,63.565
M_20721,3H,63.565
M_10784,3H,63.565
M_FGXOWB00399,3H,63.565
M_20439,3H,63.565
M_21411,3H,63.565
M_20583,3H,63.565
M_FGXOWB00300,3H,63.565
M_11283,3H,63.565
M_11482,3H,63.565
M_Bmac0209,3H,63.565
M_21062,3H,63.565
M_10011,3H,64.799
M_20444,3H,64.799
M_bPb6491,3H,66.034
M_11429,3H,67.269
M_10653,3H,67.269
M_10850,3H,67.269
M_20108,3H,67.269
M_FGXOWB00130,3H,67.269
M_20325,3H,67.269
M_21064,3H,67.269
M_21511,3H,67.269
M_10678,3H,67.269
M_ABC325,3H,67.269
M_DsT67,3H,71.068
M_11191,3H,72.303
M_20863,3H,72.303
M_bPb4757,3H,72.303
M_bPb3805,3H,73.537
M_20608,3H,73.537
M_bPb6923,3H,73.537
M_11152,3H,73.537
M_FGXOWB00527,3H,73.537
M_11342,3H,73.537
M_21502,3H,73.537
M_11284,3H,73.537
M_bPb0040,3H,73.537
M_21305,3H,77.337
M_31153,3H,77.337
M_11394,3H,78.571
M_bPb0079,3H,78.571
M_FGXOWB00082,3H,78.571
M_10200,3H,78.571
M_FGXOWB00267,3H,78.571
M_bPb8410,3H,78.571
M_bPb3317,3H,78.571
M_11314,3H,78.571
M_FGXOWB00470,3H,79.345
M_30754,3H,79.799
M_31529,3H,81.033
M_10452,3H,81.033
M_20694,3H,81.033
M_10683,3H,82.268
M_30399,3H,82.268
M_30743,3H,82.268
M_20695,3H,82.268
M_20521,3H,82.268
M_20124,3H,82.268
M_10609,3H,82.268
M_31346,3H,83.503
M_10047,3H,86.003
M_scssr25691,3H,86.003
M_bPb7872,3H,86.003
M_FGXOWB00161,3H,86.003
M_223370,3H,86.003
M_20362,3H,86.003
M_11454,3H,86.003
M_FGXOWB00423,3H,86.003
M_20597,3H,86.003
M_21194,3H,86.003
M_20849,3H,87.238
M_21163,3H,87.238
M_20115,3H,87.238
M_ABG377,3H,87.238
M_11524,3H,87.238
M_FGXOWB00110,3H,89.738
M_11517,3H,89.738
M_20063,3H,93.538
M_11138,3H,93.538
M_Bmag0225,3H,94.785
M_30663,3H,101.301
M_30325,3H,103.802
M_10583,3H,105.036
M_20659,3H,105.036
M_11021,3H,107.537
M_FGXOWB00018,3H,107.537
M_10747,3H,107.537
M_FGXOWB00043,3H,111.336
M_FGXOWB00117,3H,111.336
M_FGXOWB00015,3H,111.336
M_31367,3H,111.336
M_ABG499,3H,115.136
M_30090,3H,115.136
M_FGXOWB00230,3H,115.136
M_bPb6722,3H,116.37
M_30640,3H,116.37
M_20130,3H,116.37
M_221404,3H,117.605
M_10184,3H,117.605
M_21083,3H,118.839
M_FGXOWB00204,3H,118.839
M_21381,3H,118.839
M_30342,3H,121.34
M_21495,3H,121.34
M_10662,3H,121.34
M_FGXOWB00292,3H,122.575
M_21493,3H,122.575
M_30119,3H,123.809
M_223016,3H,123.809
M_20009,3H,123.809
M_FGXOWB00342,3H,125.044
M_21161,3H,125.044
M_FGXOWB00111,3H,125.044
M_20023,3H,125.044
M_bPb9336,3H,125.044
M_11392,3H,125.044
M_21081,3H,125.044
M_21277,3H,128.843
M_30375,3H,130.078
M_31329,3H,131.312
M_10584,3H,133.813
M_30928,3H,135.048
M_scsnp00940,3H,135.048
M_10680,3H,135.048
M_bPb4209,3H,136.282
M_bPb3630,3H,136.282
M_11330,3H,140.081
M_bPb9110,3H,141.316
M_20944,3H,141.316
M_31269,3H,141.316
M_bPb1579,3H,141.316
M_bPb1961,3H,141.316
M_bPb7695,3H,141.316
M_10918,3H,143.817
M_223788,3H,143.817
M_21405,3H,143.817
M_30274,3H,145.051
M_bPb7785,3H,145.051
M_FGXOWB00180,3H,145.051
M_bPb4386,3H,145.051
M_11338,3H,146.286
M_10821,3H,146.286
M_30084,3H,146.286
M_10754,3H,146.286
M_30924,3H,146.286
M_31525,3H,146.286
M_20413,3H,147.521
M_31238,3H,147.521
M_30507,3H,148.755
M_30081,3H,149.99
M_11196,3H,152.49
M_10505,3H,152.49
M_ABG004,3H,152.49
M_20662,3H,152.49
M_20369,3H,152.49
M_20343,3H,152.49
M_11141,3H,152.49
M_10842,3H,153.725
M_20612,3H,153.725
M_30973,3H,156.225
M_FGXOWB00510,3H,156.975
M_FGXOWB00502,3H,157.453
M_FGXOWB00345,3H,157.453
M_20527,3H,157.453
M_30092,3H,157.453
M_scind02281,3H,162.586
M_bPb8894,3H,163.82
M_bPb5796,3H,163.82
M_20085,3H,163.82
M_11328,3H,163.82
M_30860,3H,163.82
M_bPb8506,3H,163.82
M_FGXOWB00250,3H,166.321
M_31496,3H,166.321
M_FGXOWB00101,3H,166.321
M_bPb4830,3H,166.321
M_FGXOWB00272,3H,167.555
M_30137,3H,168.79
M_MWG883,3H,168.79
M_FGXOWB00033,3H,168.79
M_bPb5129,3H,173.923
M_21386,3H,173.923
M_bPb2737,3H,173.923
M_bPb3109,3H,173.923
M_bPb0049,3H,173.923
M_bPb8021,3H,173.923
M_FGXOWB00008,3H,173.923
M_bPb7833,3H,173.923
M_FGXOWB00257,3H,175.157
M_FGXOWB00495,3H,175.157
M_FGXOWB00163,3H,175.157
M_bPb4739,3H,176.392
M_bPb3899,3H,176.392
M_11297,3H,176.392
M_bPb6228,3H,176.392
M_FGXOWB00126,3H,176.392
M_FGXOWB00040,3H,176.392
M_bPb2420,3H,176.392
M_FGXOWB00097,3H,176.392
M_FGXOWB00392,3H,176.392
M_FGXOWB00137,3H,176.392
M_bPb1253,3H,176.392
M_bPb3843,3H,176.392
M_bPb4748,3H,176.392
M_bPb0789,3H,178.892
M_31161,3H,178.892
M_bPb7413,3H,180.127
M_FGXOWB00169,3H,180.127
M_FGXOWB00081,3H,180.127
M_222583,3H,180.127
M_21531,3H,180.127
M_20421,3H,182.628
M_FGXOWB00139,3H,183.862
M_FGXOWB00251,3H,183.862
M_21345,3H,183.862
M_bPb1829,3H,183.862
M_11436,3H,183.862
M_bPb4456,3H,183.862
M_FGXOWB00493,3H,183.862
M_30370,3H,183.862
M_HVM62,3H,183.862
M_bPb6631,3H,183.862
M_bPb0302,3H,183.862
M_bPb0200,3H,186.363
M_FGXOWB00281,3H,186.363
M_10935,3H,190.162
M_FGXOWB00462,3H,190.162
M_21237,3H,190.162
M_10702,3H,190.162
M_30960,3H,190.162
M_30767,3H,190.162
M_21008,3H,190.162
M_FGXOWB00518,3H,190.162
M_30271,3H,190.162
M_FGXOWB00513,3H,190.162
M_ABC805,3H,192.663
M_20605,3H,192.663
M_10629,3H,193.897
M_bPb4169,3H,195.132
M_bPb4387,3H,195.132
M_31388,3H,196.366
M_FGXOWB00205,3H,196.366
M_bPb1411,3H,196.366
M_FGXOWB00384,3H,196.366
M_10681,3H,196.366
M_10893,3H,196.366
M_222092,3H,197.601
M_222593,3H,197.601
M_10014,3H,197.601
M_11516,3H,200.102
M_FGXOWB00270,3H,200.102
M_FGXOWB00369,3H,200.102
M_bPb0164,3H,200.102
M_30229,3H,201.336
M_20176,3H,201.336
M_31341,3H,202.571
M_21500,3H,203.806
M_30055,3H,205.04
M_FGXOWB00489,3H,205.654
M_21387,3H,206.292
M_bPb5256,3H,206.292
M_bPb5346,3H,206.292
M_FGXOWB00228,3H,206.292
M_FGXOWB00303,3H,206.292
M_bPb8962,3H,206.292
M_bPb7724,3H,206.292
M_ABC172,3H,206.292
M_bPb3295,3H,206.292
M_FGXOWB00442,3H,206.292
M_10343,3H,206.292
M_FGXOWB00468,3H,206.292
M_221492,3H,206.292
M_30135,3H,206.292
M_FGXOWB00058,3H,206.292
M_bPb0136,3H,206.292
M_223314,3H,206.292
M_bPb7120,3H,206.292
M_221662,3H,206.292
M_10215,3H,206.292
M_221355,3H,206.292
M_31296,3H,206.292
M_221563,3H,207.564
M_21117,4H,0
M_bPb7534,4H,1.235
M_bPb9406,4H,1.235
M_bPb6938,4H,1.235
M_31324,4H,1.235
M_MWG634,4H,3.735
M_FGXOWB00432,4H,6.236
M_20274,4H,6.236
M_FGXOWB00001,4H,6.236
M_30140,4H,6.236
M_31486,4H,6.236
M_11485,4H,14.147
M_10490,4H,15.381
M_31458,4H,15.381
M_30540,4H,21.884
M_222436,4H,23.119
M_MWG077,4H,23.119
M_30150,4H,23.119
M_10574,4H,25.619
M_104902,4H,25.619
M_FGXOWB00078,4H,25.619
M_10223,4H,25.619
M_HVM40,4H,25.619
M_FGXOWB00219,4H,25.619
M_20557,4H,25.619
M_31291,4H,26.854
M_10221,4H,26.854
M_11199,4H,28.089
M_11136,4H,29.323
M_21458,4H,30.558
M_222526,4H,31.792
M_11060,4H,31.792
M_20422,4H,31.792
M_11175,4H,31.792
M_21385,4H,31.792
M_10626,4H,31.792
M_30394,4H,31.792
M_10562,4H,31.792
M_21418,4H,33.027
M_FGXOWB00232,4H,33.027
M_20777,4H,33.027
M_CDO542,4H,33.027
M_20109,4H,33.027
M_20680,4H,33.027
M_scsnp01648,4H,33.382
M_30907,4H,34.255
M_CDO122,4H,34.255
M_10031,4H,34.255
M_222439,4H,35.49
M_FGXOWB00291,4H,35.49
M_31164,4H,36.725
M_hvknox3,4H,37.959
M_31439,4H,37.959
M_FGXOWB00053,4H,37.959
M_10810,4H,37.959
M_FGXOWB00284,4H,37.959
M_31524,4H,37.959
M_21389,4H,37.959
M_10171,4H,40.46
M_10347,4H,40.46
M_FGXOWB00119,4H,40.46
M_30992,4H,40.46
M_223373,4H,41.694
M_bPb6404,4H,41.694
M_20240,4H,41.694
M_20011,4H,41.694
M_10371,4H,41.694
M_20180,4H,41.694
M_10063,4H,41.694
M_bPb6611,4H,41.694
M_30187,4H,44.195
M_scssr20569,4H,44.195
M_10048,4H,44.195
M_ABC303,4H,44.195
M_10668,4H,47.994
M_10793,4H,47.994
M_CDO795,4H,47.994
M_11112,4H,50.495
M_21490,4H,50.495
M_20939,4H,50.495
M_10756,4H,52.995
M_223751,4H,52.995
M_30450,4H,52.995
M_20853,4H,52.995
M_20496,4H,52.995
M_31382,4H,52.995
M_10492,4H,52.995
M_20525,4H,52.995
M_21071,4H,52.995
M_220846,4H,52.995
M_30525,4H,52.995
M_DST46,4H,52.995
M_20269,4H,52.995
M_10942,4H,52.995
M_10577,4H,52.995
M_31360,4H,52.995
M_10432,4H,52.995
M_21442,4H,52.995
M_20426,4H,52.995
M_21073,4H,52.995
M_11190,4H,52.995
M_31026,4H,52.995
M_FGXOWB00378,4H,52.995
M_scind03751,4H,52.995
M_21029,4H,52.995
M_20289,4H,52.995
M_11332,4H,52.995
M_21303,4H,52.995
M_10261,4H,52.995
M_FGXOWB00052,4H,52.995
M_20831,4H,52.995
M_30331,4H,52.995
M_11042,4H,52.995
M_bPb9504,4H,52.995
M_10946,4H,52.995
M_10607,4H,52.995
M_222294,4H,52.995
M_FGXOWB00330,4H,52.995
M_30777,4H,52.995
M_FGXOWB00398,4H,52.995
M_31156,4H,52.995
M_30866,4H,52.995
M_10411,4H,52.995
M_10667,4H,52.995
M_scind04312a,4H,52.995
M_21137,4H,52.995
M_30488,4H,52.995
M_FGXOWB00279,4H,52.995
M_30427,4H,54.23
M_10088,4H,55.465
M_21481,4H,55.465
M_11232,4H,55.465
M_30034,4H,55.465
M_10637,4H,55.465
M_Tef2,4H,55.465
M_10881,4H,55.465
M_30060,4H,55.465
M_20412,4H,55.465
M_10568,4H,55.465
M_FGXOWB00307,4H,55.465
M_scind01728,4H,55.465
M_FGXOWB00358,4H,55.465
M_10262,4H,55.465
M_30839,4H,55.465
M_20610,4H,55.465
M_31297,4H,55.465
M_21213,4H,55.465
M_10426,4H,55.465
M_105086,4H,55.465
M_11108,4H,55.465
M_20363,4H,55.465
M_10527,4H,55.465
M_20898,4H,55.465
M_FGXOWB00134,4H,56.016
M_FGXOWB00222,4H,56.692
M_21010,4H,59.192
M_21400,4H,59.192
M_10086,4H,59.192
M_20361,4H,59.192
M_20151,4H,59.192
M_20453,4H,61.693
M_30706,4H,61.693
M_11427,4H,61.693
M_bPb9907,4H,61.693
M_11207,4H,61.693
M_FGXOWB00225,4H,61.693
M_21296,4H,61.693
M_bPb6872,4H,61.693
M_bPb2305,4H,61.693
M_21273,4H,61.693
M_bPb6949,4H,61.693
M_GBM1020,4H,62.927
M_20820,4H,62.927
M_bPb4290,4H,62.927
M_bPb6259,4H,62.927
M_bPb7987,4H,62.927
M_20924,4H,64.162
M_10052,4H,64.162
M_20062,4H,64.162
M_Bmag0353,4H,64.162
M_11431,4H,64.162
M_10639,4H,64.162
M_20098,4H,64.162
M_224001,4H,64.162
M_20723,4H,64.162
M_10053,4H,64.162
M_11070,4H,65.397
M_30455,4H,65.397
M_10606,4H,66.631
M_bPb4214,4H,71.764
M_scind10455,4H,71.764
M_221608,4H,71.764
M_21504,4H,72.999
M_10467,4H,72.999
M_11513,4H,72.999
M_30994,4H,74.233
M_bPb8013,4H,74.233
M_bPb0098,4H,74.233
M_31258,4H,75.468
M_31362,4H,75.468
M_21499,4H,76.702
M_20143,4H,76.702
M_20207,4H,76.702
M_FGXOWB00341,4H,76.702
M_11319,4H,76.702
M_10309,4H,76.702
M_bPb3556,4H,76.702
M_FGXOWB00155,4H,77.937
M_21332,4H,80.438
M_11500,4H,82.938
M_FGXOWB00062,4H,82.938
M_30787,4H,82.938
M_10170,4H,82.938
M_scssr14079,4H,82.938
M_30226,4H,82.938
M_bPb3739,4H,84.173
M_11526,4H,84.173
M_bPb7719,4H,84.173
M_bPb6096,4H,84.173
M_ABG472,4H,84.173
M_bPb9998,4H,84.173
M_11213,4H,85.407
M_10723,4H,85.407
M_10670,4H,85.407
M_FGXOWB00406,4H,85.407
M_20197,4H,85.407
M_bPb4750,4H,86.642
M_GBM1059,4H,86.642
M_bPb1999,4H,86.642
M_20765,4H,86.642
M_bPb0610,4H,86.642
M_bPb0018,4H,86.642
M_11398,4H,86.642
M_30138,4H,89.143
M_20732,4H,92.942
M_11168,4H,94.176
M_30232,4H,94.176
M_30142,4H,94.176
M_10785,4H,95.411
M_bPb5245,4H,95.411
M_KFP221,4H,95.411
M_Ebmac0701,4H,97.912
M_30584,4H,99.146
M_11292,4H,99.146
M_FGXOWB00050,4H,99.146
M_20762,4H,99.146
M_30046,4H,99.146
M_30117,4H,99.146
M_MWG652B,4H,99.146
M_20838,4H,99.146
M_30158,4H,99.146
M_10666,4H,99.146
M_FGXOWB00160,4H,99.146
M_FGXOWB00203,4H,99.146
M_30114,4H,99.146
M_FGXOWB00413,4H,99.146
M_FGXOWB00029,4H,99.146
M_10334,4H,101.647
M_FGXOWB00482,4H,101.647
M_FGXOWB00382,4H,101.647
M_FGXOWB00109,4H,101.647
M_11139,4H,101.647
M_FGXOWB00224,4H,101.647
M_FGXOWB00321,4H,101.647
M_30990,4H,101.647
M_FGXOWB00246,4H,101.647
M_20454,4H,101.647
M_21111,4H,101.647
M_31139,4H,101.647
M_GBM1048,4H,104.147
M_bPb9859,4H,104.147
M_FGXOWB00323,4H,104.147
M_223032,4H,104.147
M_bPb1166,4H,104.147
M_11194,4H,106.648
M_FGXOWB00440,4H,106.648
M_FGXOWB00112,4H,106.648
M_30385,4H,107.882
M_bPb2677,4H,110.383
M_10712,4H,110.383
M_11233,4H,110.383
M_20237,4H,110.383
M_220875,4H,111.618
M_20701,4H,111.618
M_11235,4H,111.618
M_bPb1040,4H,111.618
M_21035,4H,112.852
M_11066,4H,112.852
M_20883,4H,112.852
M_30146,4H,114.087
M_223550,4H,114.087
M_21130,4H,114.087
M_10697,4H,114.087
M_Hsh,4H,114.087
M_HVM67,4H,115.321
M_20224,4H,115.321
M_20760,4H,116.556
M_30873,4H,117.791
M_30476,4H,117.791
M_30888,4H,117.791
M_20007,4H,117.791
M_30889,4H,117.791
M_20272,4H,117.791
M_30886,4H,117.791
M_21450,4H,117.791
M_10610,4H,117.791
M_30884,4H,117.791
M_30808,4H,117.791
M_bPb3468,4H,117.791
M_30892,4H,117.791
M_30887,4H,117.791
M_VRNH2,4H,117.791
M_223334,4H,118.182
M_20932,4H,119.019
M_30020,4H,119.019
M_30239,4H,119.019
M_KFP241.1,4H,119.019
M_31422,4H,120.253
M_ABG601,4H,126.756
M_bPb5265,4H,126.756
M_bPb9668,4H,126.756
M_30824,4H,126.756
M_30825,4H,126.756
M_bPb0170,5H,0
M_30163,5H,0
M_bPb6051,5H,1.234
M_FGXOWB00335,5H,1.234
M_bPb6485,5H,1.234
M_20553,5H,1.234
M_30984,5H,3.735
M_31023,5H,4.97
M_30979,5H,4.97
M_31022,5H,4.97
M_30001,5H,4.97
M_30977,5H,4.97
M_30975,5H,4.97
M_21221,5H,11.472
M_scssr02306,5H,13.986
M_MWG618,5H,21.911
M_20533,5H,24.412
M_31094,5H,25.646
M_20010,5H,26.881
M_ABC483,5H,26.881
M_ABG610,5H,28.115
M_30714,5H,28.115
M_bPb2872,5H,29.35
M_21365,5H,29.35
M_bPb2460,5H,35.853
M_bPb0091,5H,35.853
M_bPb6568,5H,35.853
M_bPb1807,5H,35.853
M_bPb7407,5H,35.853
M_bPb3830,5H,35.853
M_bPb0351,5H,35.853
M_21065,5H,35.853
M_bPb8072,5H,35.853
M_20873,5H,35.853
M_30167,5H,35.853
M_FGXOWB00025,5H,35.853
M_10974,5H,37.087
M_30531,5H,38.322
M_20761,5H,38.322
M_FGXOWB00318,5H,39.557
M_bPb2266,5H,40.791
M_bPb5166,5H,40.791
M_bPb0536,5H,42.026
M_20576,5H,42.026
M_10580,5H,45.825
M_20980,5H,48.326
M_20845,5H,48.326
M_21391,5H,48.326
M_ABG395,5H,49.56
M_11318,5H,49.56
M_FGXOWB00298,5H,50.063
M_bPb2273,5H,50.788
M_bPb8589,5H,50.788
M_bPb4135,5H,50.788
M_bPb4273,5H,50.788
M_10864,5H,50.788
M_11432,5H,58.699
M_FGXOWB00051,5H,58.699
M_31492,5H,58.699
M_30105,5H,58.699
M_scssr02503,5H,58.699
M_21308,5H,59.933
M_222988,5H,59.933
M_10481,5H,59.933
M_FGXOWB00381,5H,59.933
M_30728,5H,59.933
M_10177,5H,59.933
M_10252,5H,59.933
M_30109,5H,59.933
M_21401,5H,59.933
M_bPb8675,5H,59.933
M_20697,5H,59.933
M_21447,5H,59.933
M_10318,5H,59.933
M_31317,5H,59.933
M_bPb1046,5H,59.933
M_10157,5H,59.933
M_11469,5H,59.933
M_21011,5H,59.933
M_30354,5H,59.933
M_31520,5H,59.933
M_FGXOWB00430,5H,59.933
M_bPb8929,5H,59.933
M_20481,5H,59.933
M_30729,5H,59.933
M_20461,5H,59.933
M_31257,5H,59.933
M_20524,5H,59.933
M_21040,5H,59.933
M_21116,5H,59.933
M_FGXOWB00241,5H,59.933
M_30709,5H,59.933
M_221402,5H,59.933
M_21350,5H,59.933
M_10240,5H,59.933
M_223293,5H,59.933
M_bPb0949,5H,59.933
M_31423,5H,59.933
M_bPb5584,5H,59.933
M_FGXOWB00288,5H,59.933
M_bPb0786,5H,59.933
M_bPb4210,5H,59.933
M_20700,5H,59.933
M_10995,5H,59.933
M_10856,5H,59.933
M_30768,5H,59.933
M_30792,5H,59.933
M_11462,5H,59.933
M_11399,5H,59.933
M_11198,5H,59.933
M_FGXOWB00179,5H,59.933
M_FGXOWB00301,5H,59.933
M_30337,5H,59.933
M_20841,5H,59.933
M_20101,5H,59.933
M_FGXOWB00006,5H,59.933
M_20179,5H,59.933
M_FGXOWB00041,5H,59.933
M_FGXOWB00148,5H,59.933
M_10913,5H,59.933
M_FGXOWB00177,5H,60.658
M_bPb5506,5H,61.161
M_FGXOWB00168,5H,61.161
M_11260,5H,61.161
M_bPb7881,5H,61.161
M_bPb2762,5H,61.161
M_11204,5H,61.161
M_bPb5727,5H,61.161
M_30214,5H,62.395
M_20396,5H,63.63
M_20059,5H,63.63
M_FGXOWB00166,5H,63.63
M_FGXOWB00243,5H,63.63
M_20105,5H,64.865
M_31117,5H,64.865
M_FGXOWB00214,5H,64.865
M_bPb7933,5H,64.865
M_FGXOWB00151,5H,64.865
M_21536,5H,64.865
M_10264,5H,64.865
M_31062,5H,66.099
M_30312,5H,66.099
M_11240,5H,66.099
M_20306,5H,66.099
M_11512,5H,66.099
M_31064,5H,66.099
M_31340,5H,66.099
M_30111,5H,66.099
M_221802,5H,66.099
M_11363,5H,66.099
M_30538,5H,66.099
M_10237,5H,66.099
M_20981,5H,66.099
M_11151,5H,66.099
M_31183,5H,66.099
M_FGXOWB00176,5H,66.099
M_20501,5H,66.099
M_31451,5H,66.099
M_bPb0503,5H,66.099
M_10899,5H,66.099
M_11523,5H,67.334
M_31032,5H,68.568
M_10725,5H,68.568
M_31034,5H,68.568
M_NRG045A,5H,68.568
M_11089,5H,68.568
M_31035,5H,68.568
M_bPb6260,5H,69.803
M_FGXOWB00039,5H,69.803
M_FGXOWB00038,5H,69.803
M_223210,5H,69.803
M_30745,5H,69.803
M_scsnp04260,5H,69.803
M_bPb7627,5H,69.803
M_bPb8987,5H,71.038
M_Ale,5H,71.038
M_224132,5H,71.038
M_21036,5H,71.038
M_20278,5H,74.837
M_FGXOWB00159,5H,74.837
M_222177,5H,74.837
M_30080,5H,74.837
M_10203,5H,74.837
M_11438,5H,74.837
M_10641,5H,74.837
M_223812,5H,74.837
M_20392,5H,74.837
M_223146,5H,74.837
M_30966,5H,74.837
M_11249,5H,74.837
M_10548,5H,81.34
M_30719,5H,82.574
M_FGXOWB00259,5H,82.574
M_20297,5H,82.574
M_10953,5H,83.809
M_20818,5H,87.608
M_bPb7763,5H,87.608
M_bPb9618,5H,87.608
M_bPb0686,5H,87.608
M_30252,5H,87.608
M_20330,5H,87.608
M_bPb4067,5H,87.608
M_221220,5H,87.608
M_bPb2147,5H,87.608
M_10305,5H,90.109
M_21133,5H,93.908
M_FGXOWB00459,5H,93.908
M_10127,5H,93.908
M_21128,5H,93.908
M_ABC302,5H,93.908
M_10183,5H,93.908
M_FGXOWB00084,5H,93.908
M_20246,5H,96.409
M_FGXOWB00085,5H,96.409
M_20096,5H,96.409
M_10167,5H,96.409
M_10633,5H,96.409
M_FGXOWB00504,5H,96.409
M_10140,5H,96.409
M_scind16991,5H,96.409
M_FGXOWB00002,5H,96.409
M_11515,5H,97.643
M_20066,5H,97.643
M_20736,5H,97.643
M_scssr15334,5H,98.878
M_21186,5H,101.378
M_30314,5H,101.378
M_11135,5H,105.178
M_FGXOWB00351,5H,105.178
M_FGXOWB00057,5H,105.178
M_scsnp06144,5H,105.178
M_10674,5H,110.31
M_10524,5H,114.11
M_10930,5H,115.344
M_FGXOWB00190,5H,116.579
M_10578,5H,116.579
M_11473,5H,117.814
M_10518,5H,117.814
M_10771,5H,117.814
M_20449,5H,117.814
M_FGXOWB00266,5H,117.814
M_srh,5H,117.814
M_FGXOWB00184,5H,117.814
M_20097,5H,117.814
M_30834,5H,117.814
M_11134,5H,117.814
M_30533,5H,117.814
M_105044,5H,119.048
M_bPb5532,5H,119.048
M_bPb9032,5H,119.048
M_bPb2869,5H,119.048
M_30182,5H,120.283
M_FGXOWB00435,5H,124.558
M_11350,5H,126.625
M_30098,5H,127.859
M_20403,5H,127.859
M_20134,5H,129.094
M_10024,5H,130.328
M_30846,5H,131.563
M_FGXOWB00488,5H,131.563
M_30854,5H,131.563
M_30850,5H,131.563
M_10844,5H,131.563
M_30847,5H,131.563
M_21321,5H,131.563
M_10834,5H,131.563
M_HvCBF9,5H,131.563
M_30852,5H,131.563
M_31236,5H,134.064
M_30705,5H,134.064
M_20805,5H,134.064
M_10507,5H,134.064
M_FGXOWB00013,5H,134.064
M_10871,5H,134.064
M_30807,5H,134.064
M_FGXOWB00414,5H,136.564
M_bPb7395,5H,136.564
M_30456,5H,136.564
M_30056,5H,136.564
M_10477,5H,136.564
M_bPb5596,5H,136.564
M_FGXOWB00326,5H,136.564
M_RSB001A,5H,137.104
M_30619,5H,137.791
M_11341,5H,137.791
M_FGXOWB00017,5H,137.791
M_221888,5H,145.702
M_scsnp00177,5H,145.702
M_222196,5H,145.702
M_11245,5H,145.702
M_FGXOWB00164,5H,145.702
M_FGXOWB00268,5H,148.203
M_0SUSTS1,5H,148.203
M_11298,5H,149.438
M_11507,5H,151.938
M_21422,5H,153.173
M_FGXOWB00142,5H,153.173
M_bPb0710,5H,153.173
M_bPb6135,5H,153.173
M_FGXOWB00390,5H,153.173
M_FGXOWB00379,5H,153.173
M_FGXOWB00188,5H,153.173
M_FGXOWB00498,5H,153.173
M_20405,5H,154.407
M_20045,5H,154.407
M_11456,5H,155.642
M_104960,5H,155.642
M_ABG003B,5H,156.429
M_11535,5H,156.87
M_30611,5H,156.87
M_20300,5H,156.87
M_30169,5H,156.87
M_10228,5H,156.87
M_11472,5H,160.669
M_FGXOWB00415,5H,160.669
M_FGXOWB00253,5H,170.029
M_10755,5H,170.029
M_bPb4084,5H,170.029
M_221423,5H,170.029
M_20551,5H,170.029
M_bPb2960,5H,170.029
M_FGXOWB00102,5H,170.029
M_223247,5H,170.029
M_31465,5H,170.029
M_FGXOWB00158,5H,175.162
M_bPb6578,5H,176.397
M_222215,5H,176.397
M_bPb5845,5H,176.397
M_Tef3,5H,177.631
M_10004,5H,178.866
M_31182,5H,180.101
M_10104,5H,180.101
M_31234,5H,180.101
M_20731,5H,180.101
M_20830,5H,180.101
M_FGXOWB00024,5H,180.101
M_FGXOWB00262,5H,180.101
M_20676,5H,180.101
M_20100,5H,181.335
M_MWG877,5H,181.335
M_11441,5H,181.335
M_30062,5H,181.335
M_20388,5H,181.335
M_31206,5H,181.335
M_FGXOWB00192,5H,181.335
M_10080,5H,181.335
M_31050,5H,181.335
M_FGXOWB00319,5H,181.335
M_21462,5H,181.335
M_10333,5H,181.335
M_31221,5H,183.836
M_30795,5H,183.836
M_223182,5H,183.836
M_105067,5H,185.07
M_30830,5H,185.07
M_20104,5H,185.07
M_20186,5H,186.305
M_11497,5H,187.54
M_10582,5H,191.339
M_20317,5H,191.339
M_FGXOWB00331,5H,191.339
M_30759,5H,191.339
M_FGXOWB00092,5H,191.339
M_FGXOWB00185,5H,191.339
M_10536,5H,191.339
M_ABG496,5H,191.339
M_10741,5H,191.339
M_30238,5H,191.339
M_FGXOWB00014,5H,191.339
M_10902,5H,191.339
M_10901,5H,191.339
M_10385,5H,191.339
M_FGXOWB00010,5H,192.051
M_FGXOWB00501,5H,192.566
M_FGXOWB00066,5H,192.566
M_20560,5H,192.566
M_20876,5H,192.566
M_FGXOWB00521,5H,195.067
M_21018,5H,195.067
M_FGXOWB00512,5H,195.067
M_10273,5H,195.067
M_30642,5H,195.067
M_31375,5H,195.067
M_10336,5H,195.067
M_11464,5H,195.067
M_20646,5H,195.067
M_FGXOWB00356,5H,195.067
M_FGXOWB00306,5H,195.067
M_11325,5H,195.067
M_FGXOWB00187,5H,201.306
M_222383,5H,202.779
M_20334,5H,202.779
M_bPb9147,5H,202.779
M_bPb6195,5H,202.779
M_E10757A,5H,205.279
M_scsnp02109,5H,205.279
M_20829,5H,205.279
M_20826,5H,206.514
M_30666,5H,206.514
M_bPb3138,5H,209.015
M_ABG391,5H,209.015
M_11216,5H,209.015
M_221131,5H,209.015
M_FGXOWB00156,5H,209.015
M_bPb0618,5H,209.015
M_FGXOWB00524,5H,210.249
M_30087,5H,210.249
M_10769,5H,210.249
M_JS10B,5H,210.249
M_20546,5H,210.249
M_bPb6179,5H,212.75
M_bPb4595,5H,212.75
M_bPb0835,5H,212.75
M_104899,5H,213.984
M_10778,5H,215.219
M_10600,5H,216.454
M_bPb0877,5H,216.454
M_223803,5H,216.454
M_bPb4621,5H,216.454
M_222906,5H,216.454
M_223339,5H,216.454
M_222776,5H,216.454
M_224041,5H,216.993
M_11450,5H,217.681
M_31404,5H,217.681
M_ABC622,5H,217.681
M_10254,5H,217.681
M_11010,5H,217.681
M_bPb9132,5H,220.181
M_30494,5H,220.181
M_10736,5H,220.181
M_20189,5H,220.181
M_30769,5H,220.181
M_30504,5H,220.181
M_DsT33,5H,220.181
M_bPb7421,5H,220.181
M_FGXOWB00035,5H,220.181
M_bPb9868,5H,223.981
M_21393,5H,226.481
M_bPb8754,5H,227.716
M_FGXOWB00036,5H,227.716
M_10310,5H,227.716
M_31292,5H,231.515
M_bPb6239,5H,231.515
M_11364,5H,231.515
M_FGXOWB00244,5H,231.515
M_21108,5H,231.515
M_bPb1217,5H,231.515
M_222075,5H,231.515
M_10732,5H,234.016
M_FGXOWB00240,5H,234.016
M_11413,5H,234.016
M_31481,5H,234.016
M_10020,5H,234.016
M_bPb2419,5H,235.25
M_bPb7008,5H,235.25
M_FGXOWB00340,5H,235.25
M_FGXOWB00206,5H,235.25
M_bPb3973,5H,235.25
M_MWG602A,5H,235.25
M_221531,5H,235.25
M_30958,5H,236.485
M_bPb6124,5H,236.485
M_bPb7360,5H,236.485
M_bPb5766,5H,236.485
M_bPb7292,5H,236.485
M_10322,5H,236.485
M_20402,5H,236.485
M_scssr03906,5H,236.485
M_bPb4725,5H,236.485
M_31123,5H,236.485
M_21356,5H,236.485
M_bPb9244,5H,236.485
M_221535,5H,237.807
M_223608,6H,0
M_20232,6H,0
M_30319,6H,0
M_bPb3780,6H,0
M_FGXOWB00325,6H,1.235
M_FGXOWB00360,6H,1.235
M_FGXOWB00386,6H,1.235
M_FGXOWB00199,6H,1.885
M_222141,6H,2.462
M_FGXOWB00154,6H,2.462
M_223456,6H,2.462
M_Bmac0316,6H,2.462
M_bPb7323,6H,2.462
M_bPb7030,6H,2.462
M_20881,6H,2.462
M_bPb9768,6H,3.697
M_20882,6H,3.697
M_11166,6H,4.335
M_bPb9075,6H,4.924
M_223070,6H,4.924
M_bPb3532,6H,4.924
M_bPb1001,6H,4.924
M_20294,6H,4.924
M_21204,6H,4.924
M_20262,6H,4.924
M_bPb8275,6H,4.924
M_221458,6H,4.924
M_bPb6511,6H,4.924
M_FGXOWB00202,6H,6.158
M_bPb3807,6H,6.158
M_bPb7193,6H,6.158
M_bPb5498,6H,20.137
M_bPb6311,6H,20.137
M_30010,6H,20.137
M_bPb3433,6H,20.137
M_222316,6H,20.137
M_bPb0572,6H,20.137
M_222053,6H,20.137
M_FGXOWB00269,6H,20.137
M_bPb4778,6H,20.137
M_FGXOWB00486,6H,20.137
M_221961,6H,20.137
M_30842,6H,22.638
M_FGXOWB00395,6H,23.873
M_224154,6H,26.373
M_bPb8492,6H,26.373
M_10064,6H,27.608
M_MWG602B,6H,27.608
M_223325,6H,28.842
M_223374,6H,28.842
M_21246,6H,28.842
M_bPb7165,6H,28.842
M_10023,6H,28.842
M_bPb9749,6H,32.642
M_bPb6661,6H,32.642
M_bPb5252,6H,32.642
M_20315,6H,32.642
M_221152,6H,36.441
M_222286,6H,36.441
M_FGXOWB00233,6H,37.676
M_223808,6H,38.91
M_FGXOWB00242,6H,38.91
M_220998,6H,38.91
M_bPb3921,6H,40.145
M_10774,6H,40.145
M_JS10A,6H,40.145
M_20745,6H,40.145
M_30697,6H,41.379
M_30673,6H,42.614
M_31308,6H,43.849
M_10994,6H,46.349
M_GBM1021,6H,46.349
M_FGXOWB00120,6H,46.349
M_10799,6H,46.349
M_10939,6H,46.349
M_FGXOWB00076,6H,46.349
M_bPb6002,6H,47.584
M_223386,6H,47.584
M_221169,6H,47.584
M_bPb3927,6H,47.584
M_bPb0597,6H,47.584
M_10427,6H,47.584
M_FGXOWB00089,6H,48.818
M_bPb7324,6H,48.818
M_220812,6H,48.818
M_30521,6H,52.618
M_221710,6H,53.852
M_30361,6H,55.087
M_10061,6H,56.322
M_10129,6H,56.322
M_11455,6H,56.322
M_30783,6H,56.322
M_GBM1068,6H,57.071
M_223273,6H,57.549
M_20936,6H,58.784
M_220818,6H,58.784
M_bPb5379,6H,58.784
M_FGXOWB00116,6H,58.784
M_30317,6H,60.018
M_31274,6H,60.018
M_FGXOWB00077,6H,60.018
M_10461,6H,60.018
M_10575,6H,60.018
M_10910,6H,60.018
M_30281,6H,60.018
M_10539,6H,60.018
M_BG299297,6H,60.018
M_FGXOWB00260,6H,60.018
M_20983,6H,60.018
M_10817,6H,60.018
M_20707,6H,60.018
M_10199,6H,60.018
M_10811,6H,60.018
M_10355,6H,60.018
M_31092,6H,60.018
M_FGXOWB00336,6H,60.018
M_FGXOWB00327,6H,60.018
M_bPb1466,6H,60.018
M_FGXOWB00186,6H,60.018
M_bPb6142,6H,60.018
M_20675,6H,61.253
M_223115,6H,61.253
M_bPb5270,6H,61.253
M_11171,6H,61.253
M_30782,6H,61.253
M_bPb2592,6H,61.253
M_11205,6H,61.253
M_21449,6H,62.488
M_30569,6H,63.722
M_FGXOWB00476,6H,63.722
M_HVM31,6H,63.722
M_20651,6H,64.957
M_10962,6H,64.957
M_20381,6H,64.957
M_21158,6H,64.957
M_30120,6H,64.957
M_bPb9114,6H,64.957
M_20601,6H,64.957
M_11353,6H,64.957
M_rob,6H,64.957
M_31007,6H,64.957
M_30021,6H,64.957
M_30032,6H,64.957
M_bPb6567,6H,64.957
M_bPb1666,6H,64.957
M_20720,6H,64.957
M_bPb3487,6H,64.957
M_31004,6H,64.957
M_20656,6H,64.957
M_10497,6H,64.957
M_11104,6H,64.957
M_21014,6H,64.957
M_21473,6H,64.957
M_10954,6H,66.191
M_10749,6H,66.191
M_223262,6H,66.191
M_223845,6H,66.191
M_30765,6H,66.191
M_223825,6H,66.191
M_11140,6H,66.191
M_11442,6H,66.191
M_10848,6H,66.191
M_223671,6H,66.191
M_223028,6H,66.191
M_20799,6H,66.191
M_11487,6H,66.191
M_31509,6H,66.191
M_10591,6H,66.191
M_221391,6H,66.191
M_31443,6H,66.191
M_222899,6H,66.191
M_223002,6H,66.191
M_30837,6H,66.191
M_20785,6H,66.191
M_20854,6H,66.191
M_31249,6H,66.191
M_11312,6H,66.191
M_223658,6H,66.191
M_222912,6H,66.191
M_scssr02093,6H,66.191
M_FGXOWB00212,6H,66.191
M_31187,6H,66.191
M_10659,6H,66.191
M_30567,6H,66.191
M_bPb2593,6H,66.191
M_30230,6H,66.191
M_224253,6H,66.191
M_21216,6H,66.191
M_20946,6H,66.191
M_222814,6H,66.191
M_20142,6H,66.191
M_10323,6H,66.191
M_Bmag0009,6H,66.191
M_20567,6H,66.191
M_11153,6H,66.191
M_FGXOWB00494,6H,66.191
M_30305,6H,66.191
M_223207,6H,66.191
M_30508,6H,66.191
M_20572,6H,66.191
M_FGXOWB00290,6H,66.191
M_224033,6H,66.191
M_bPb1657,6H,67.426
M_10278,6H,67.426
M_10513,6H,67.426
M_31174,6H,67.426
M_20202,6H,67.426
M_bPb9702,6H,67.426
M_10345,6H,67.426
M_FGXOWB00213,6H,67.426
M_21114,6H,67.426
M_FGXOWB00059,6H,67.426
M_bPb5196,6H,67.426
M_bPb0019,6H,67.426
M_20835,6H,67.426
M_221874,6H,67.426
M_11181,6H,67.426
M_222527,6H,67.426
M_222484,6H,67.426
M_221245,6H,67.426
M_bPb9835,6H,68.661
M_bPb9082,6H,68.661
M_bPb9051,6H,68.661
M_bPb4229,6H,71.161
M_10803,6H,71.161
M_bPb9479,6H,71.161
M_bPb5517,6H,71.161
M_FGXOWB00344,6H,72.396
M_bPb4369,6H,72.396
M_ABG474,6H,72.396
M_10964,6H,72.396
M_bPb6721,6H,72.396
M_bPb8347,6H,72.396
M_bPb3230,6H,72.396
M_FGXOWB00131,6H,72.396
M_20266,6H,72.396
M_31003,6H,72.396
M_bPb4409,6H,72.396
M_bPb3068,6H,73.282
M_bPb1256,6H,73.624
M_10189,6H,73.624
M_11321,6H,73.624
M_FGXOWB00096,6H,73.624
M_224127,6H,73.624
M_21293,6H,78.757
M_21298,6H,78.757
M_20904,6H,78.757
M_21225,6H,78.757
M_11261,6H,78.757
M_10392,6H,78.757
M_20148,6H,78.757
M_20714,6H,81.258
M_FGXOWB00218,6H,81.258
M_FGXOWB00020,6H,81.258
M_ABG388,6H,81.258
M_10504,6H,81.258
M_20468,6H,82.492
M_10596,6H,87.625
M_223211,6H,87.625
M_31289,6H,87.625
M_20620,6H,87.625
M_20892,6H,87.625
M_20673,6H,87.625
M_FGXOWB00349,6H,88.164
M_20784,6H,88.852
M_11349,6H,88.852
M_scsnp21226,6H,88.852
M_31250,6H,88.852
M_20577,6H,88.852
M_20848,6H,88.852
M_30236,6H,91.353
M_FGXOWB00028,6H,91.353
M_FGXOWB00171,6H,91.353
M_20682,6H,91.353
M_31111,6H,91.353
M_FGXOWB00088,6H,91.353
M_MWG820,6H,91.353
M_20488,6H,91.353
M_30573,6H,92.587
M_FGXOWB00071,6H,92.587
M_FGXOWB00115,6H,93.822
M_30148,6H,93.822
M_31253,6H,95.056
M_FGXOWB00407,6H,97.557
M_FGXOWB00421,6H,97.557
M_10331,6H,100.058
M_10185,6H,101.292
M_FGXOWB00514,6H,101.292
M_11246,6H,101.292
M_20346,6H,102.527
M_21404,6H,102.527
M_30452,6H,105.027
M_11147,6H,105.027
M_222895,6H,110.16
M_FGXOWB00254,6H,110.909
M_10400,6H,111.387
M_21025,6H,112.622
M_10202,6H,112.622
M_31235,6H,113.857
M_30932,6H,115.091
M_30324,6H,115.091
M_20996,6H,115.091
M_31225,6H,115.091
M_20972,6H,117.592
M_GBM1008,6H,117.592
M_10595,6H,117.592
M_10978,6H,117.592
M_31048,6H,118.826
M_FGXOWB00275,6H,118.826
M_11494,6H,118.826
M_31049,6H,118.826
M_31043,6H,118.826
M_220914,6H,118.826
M_221783,6H,118.826
M_31353,6H,118.826
M_31115,6H,118.826
M_31042,6H,118.826
M_31044,6H,118.826
M_10139,6H,118.826
M_20379,6H,121.327
M_bPb6477,6H,122.562
M_FGXOWB00217,6H,122.562
M_FGXOWB00295,6H,122.562
M_FGXOWB00172,6H,122.562
M_bPb9063,6H,122.562
M_scind04312b,6H,123.796
M_20036,6H,127.595
M_GBM1022,6H,127.595
M_bPb3470,6H,128.83
M_Bmac0040,6H,136.741
M_20355,6H,136.741
M_221063,6H,137.976
M_221088,6H,137.976
M_bPb5587,6H,137.976
M_20448,6H,137.976
M_20558,6H,139.211
M_DsT32B,6H,139.211
M_31198,6H,148.571
M_21477,6H,148.571
M_30025,6H,149.806
M_FGXOWB00069,6H,149.806
M_bPb7446,6H,151.04
M_21455,6H,151.04
M_30355,6H,151.04
M_bPb9413,6H,151.04
M_10071,6H,151.04
M_10051,6H,151.04
M_10107,6H,151.04
M_31392,6H,151.04
M_31277,6H,151.04
M_10645,6H,151.04
M_21467,6H,151.04
M_30057,6H,152.275
M_31126,6H,152.275
M_FGXOWB00428,6H,152.275
M_DsT28,6H,152.275
M_11187,6H,152.275
M_bPb5515,6H,153.51
M_11488,6H,154.744
M_FGXOWB00296,6H,154.744
M_20211,6H,154.744
M_FGXOWB00080,6H,154.744
M_DsT74,6H,154.744
M_FGXOWB00286,6H,154.744
M_10748,6H,154.744
M_bPb3760,6H,155.979
M_bPb2940,6H,155.979
M_bPb6677,6H,155.979
M_20907,6H,155.979
M_bPb2863,6H,155.979
M_20868,6H,155.979
M_31498,6H,158.479
M_FGXOWB00424,6H,158.479
M_FGXOWB00446,6H,158.479
M_31469,6H,158.479
M_bPb2304,6H,159.714
M_FGXOWB00174,6H,159.714
M_bPb0649,6H,159.714
M_10390,6H,159.714
M_bPb2410,6H,160.949
M_222800,6H,160.949
M_FGXOWB00329,6H,160.949
M_223186,6H,160.949
M_bPb9890,6H,160.949
M_bPb9817,6H,160.949
M_bPb0403,6H,162.183
M_bPb7146,6H,162.183
M_bPb1621,6H,162.183
M_MWG514,6H,162.183
M_FGXOWB00236,6H,162.183
M_bPb4626,6H,162.183
M_bPb1029,6H,162.183
M_MWG798A,6H,162.183
M_11111,6H,162.183
M_220848,6H,163.443
M_21419,7H,0
M_10036,7H,0
M_FGXOWB00509,7H,0.478
M_FGXOWB00304,7H,0.882
M_10682,7H,1.225
M_30472,7H,1.225
M_11132,7H,1.225
M_ABG704,7H,1.225
M_FGXOWB00305,7H,1.225
M_20201,7H,2.459
M_10121,7H,2.459
M_10894,7H,2.459
M_bPb3732,7H,3.122
M_bPb0844,7H,3.687
M_bPb8272,7H,3.687
M_bPb0398,7H,3.687
M_bPb7559,7H,3.687
M_bPb4457,7H,3.687
M_223152,7H,3.687
M_bPb7349,7H,3.687
M_bPb8084,7H,3.687
M_223392,7H,3.687
M_FGXOWB00481,7H,4.424
M_31350,7H,4.914
M_FGXOWB00317,7H,5.269
M_11179,7H,6.142
M_FGXOWB00095,7H,6.142
M_FGXOWB00302,7H,7.377
M_222156,7H,7.377
M_224158,7H,7.377
M_11031,7H,7.377
M_FGXOWB00032,7H,7.377
M_FGXOWB00523,7H,7.377
M_221162,7H,7.377
M_221346,7H,7.377
M_31173,7H,7.377
M_bPb4445,7H,7.377
M_FGXOWB00070,7H,7.966
M_11035,7H,8.604
M_FGXOWB00211,7H,8.604
M_bPb2595,7H,8.604
M_223056,7H,9.838
M_221786,7H,9.838
M_bPb5816,7H,9.838
M_FGXOWB00215,7H,9.838
M_bPb9202,7H,11.073
M_FGXOWB00452,7H,11.073
M_bPb5897,7H,11.073
M_20227,7H,12.308
M_222301,7H,12.308
M_bPb4634,7H,12.308
M_20755,7H,13.542
M_30902,7H,16.043
M_GBSSI,7H,16.043
M_FGXOWB00309,7H,17.365
M_30723,7H,18.512
M_11052,7H,18.512
M_bPb6453,7H,18.512
M_bPb3727,7H,18.512
M_21050,7H,19.747
M_FGXOWB00487,7H,19.747
M_bPb4266,7H,23.546
M_FGXOWB00165,7H,23.546
M_AW982580,7H,24.781
M_FGXOWB00375,7H,24.781
M_20495,7H,24.781
M_FGXOWB00529,7H,27.281
M_222485,7H,27.281
M_FGXOWB00247,7H,28.529
M_30329,7H,32.341
M_bPb8660,7H,32.341
M_10965,7H,32.341
M_30780,7H,32.341
M_MWG089,7H,32.341
M_CDO475,7H,32.341
M_31351,7H,32.341
M_30702,7H,33.576
M_FGXOWB00128,7H,33.576
M_10451,7H,33.576
M_FGXOWB00170,7H,34.81
M_bPb0324,7H,34.81
M_bPb1360,7H,34.81
M_bPb5494,7H,34.81
M_bPb2533,7H,34.81
M_bPb8939,7H,34.81
M_bPb5074,7H,34.81
M_10232,7H,34.81
M_221832,7H,34.81
M_20192,7H,34.81
M_bPb9601,7H,34.81
M_30083,7H,34.81
M_30242,7H,34.81
M_FGXOWB00265,7H,34.81
M_bPb5852,7H,34.81
M_FGXOWB00374,7H,34.81
M_20993,7H,34.81
M_ABG380,7H,34.81
M_bPb0678,7H,34.81
M_bPb6156,7H,34.81
M_21292,7H,42.721
M_30065,7H,43.956
M_10979,7H,43.956
M_FGXOWB00500,7H,47.769
M_10368,7H,49.016
M_FGXOWB00311,7H,51.516
M_FGXOWB00093,7H,51.516
M_11339,7H,51.516
M_21491,7H,52.751
M_21326,7H,53.985
M_20150,7H,53.985
M_FGXOWB00245,7H,55.22
M_FGXOWB00065,7H,56.342
M_30752,7H,57.69
M_30371,7H,57.69
M_10772,7H,57.69
M_20031,7H,57.69
M_bPb8674,7H,61.489
M_20113,7H,61.489
M_30290,7H,62.723
M_FGXOWB00087,7H,62.723
M_30181,7H,63.958
M_ABC255,7H,67.757
M_30880,7H,67.757
M_scsnp00460,7H,67.757
M_10403,7H,67.757
M_FGXOWB00016,7H,68.992
M_220928,7H,68.992
M_221740,7H,68.992
M_ABC165D,7H,68.992
M_FGXOWB00448,7H,68.992
M_10721,7H,68.992
M_10050,7H,70.227
M_FGXOWB00195,7H,71.461
M_30639,7H,71.461
M_FGXOWB00083,7H,71.461
M_31463,7H,71.461
M_FGXOWB00310,7H,71.461
M_10657,7H,71.461
M_30031,7H,71.461
M_20750,7H,71.461
M_21270,7H,71.461
M_bPb1952,7H,75.261
M_bPb4219,7H,75.261
M_bPb3561,7H,75.261
M_bPb7952,7H,75.261
M_FGXOWB00034,7H,77.761
M_FGXOWB00191,7H,77.761
M_11028,7H,77.761
M_FGXOWB00037,7H,77.761
M_20060,7H,77.761
M_11242,7H,77.761
M_FGXOWB00108,7H,78.996
M_bPb1447,7H,80.23
M_bPb8051,7H,80.23
M_31452,7H,81.465
M_FGXOWB00264,7H,81.465
M_21234,7H,81.465
M_scssr15864,7H,81.465
M_11045,7H,81.465
M_bPb1093,7H,81.465
M_FGXOWB00352,7H,81.465
M_11257,7H,81.465
M_FGXOWB00314,7H,81.465
M_FGXOWB00149,7H,81.465
M_221655,7H,81.465
M_21492,7H,81.465
M_30997,7H,81.465
M_FGXOWB00157,7H,81.465
M_FGXOWB00231,7H,81.465
M_11103,7H,81.465
M_11202,7H,81.465
M_bPb5458,7H,81.465
M_221264,7H,81.465
M_222063,7H,81.465
M_10983,7H,82.7
M_222546,7H,82.7
M_20885,7H,82.7
M_21167,7H,82.7
M_31120,7H,82.7
M_104913,7H,82.7
M_GBM1030,7H,85.2
M_30344,7H,85.2
M_11519,7H,87.701
M_30581,7H,87.701
M_10083,7H,87.701
M_bPb6975,7H,88.935
M_30563,7H,88.935
M_10268,7H,88.935
M_30621,7H,88.935
M_11145,7H,88.935
M_20893,7H,88.935
M_30475,7H,88.935
M_FGXOWB00042,7H,88.935
M_FGXOWB00135,7H,88.935
M_bPb5126,7H,88.935
M_30411,7H,88.935
M_21178,7H,88.935
M_bPb8956,7H,88.935
M_30760,7H,88.935
M_21494,7H,88.935
M_20200,7H,88.935
M_bPb2379,7H,88.935
M_10581,7H,88.935
M_30445,7H,88.935
M_31345,7H,88.935
M_30574,7H,88.935
M_bPb2188,7H,88.935
M_30389,7H,88.935
M_31227,7H,88.935
M_30794,7H,88.935
M_MWG808,7H,88.935
M_20879,7H,88.935
M_DAK642,7H,88.935
M_FGXOWB00271,7H,88.935
M_FGXOWB00103,7H,88.935
M_20828,7H,88.935
M_bPb1770,7H,88.935
M_10055,7H,88.935
M_bPb5599,7H,88.935
M_10115,7H,88.935
M_bPb8396,7H,88.935
M_21319,7H,88.935
M_bPb2097,7H,88.935
M_10698,7H,88.935
M_10773,7H,88.935
M_30492,7H,88.935
M_20314,7H,88.935
M_21335,7H,88.935
M_31215,7H,88.935
M_11352,7H,88.935
M_bPb7915,7H,88.935
M_30550,7H,88.935
M_30004,7H,88.935
M_10924,7H,88.935
M_31140,7H,88.935
M_bPb3227,7H,88.935
M_21302,7H,88.935
M_11291,7H,88.935
M_10073,7H,88.935
M_FGXOWB00150,7H,88.935
M_10370,7H,88.935
M_20911,7H,88.935
M_30449,7H,88.935
M_bPb9825,7H,91.436
M_30565,7H,95.235
M_FGXOWB00252,7H,95.235
M_11029,7H,95.235
M_FGXOWB00397,7H,95.235
M_11461,7H,95.235
M_11091,7H,97.736
M_20349,7H,97.736
M_30199,7H,97.736
M_10531,7H,97.736
M_10442,7H,97.736
M_10673,7H,97.736
M_31137,7H,97.736
M_FGXOWB00274,7H,97.736
M_scsnp00703,7H,97.736
M_20896,7H,97.736
M_11445,7H,97.736
M_21330,7H,97.736
M_20771,7H,98.97
M_MWG2031,7H,98.97
M_21409,7H,98.97
M_10143,7H,98.97
M_20083,7H,98.97
M_221574,7H,100.205
M_bPb8439,7H,102.705
M_nud,7H,102.705
M_bPb6233,7H,102.705
M_30301,7H,103.94
M_21530,7H,103.94
M_FGXOWB00021,7H,103.94
M_20685,7H,103.94
M_11437,7H,103.94
M_30996,7H,103.94
M_10249,7H,103.94
M_21501,7H,103.94
M_FGXOWB00354,7H,114.793
M_bPb5296,7H,114.793
M_bPb9912,7H,114.793
M_bPb2561,7H,114.793
M_bPb1847,7H,114.793
M_bPb7399,7H,114.793
M_bPb6386,7H,114.793
M_FGXOWB00437,7H,114.793
M_21201,7H,118.593
M_lks2,7H,118.593
M_ABC1024,7H,122.392
M_31188,7H,122.392
M_30335,7H,123.627
M_20808,7H,123.627
M_20611,7H,124.861
M_bPb1079,7H,124.861
M_222171,7H,124.861
M_20103,7H,124.861
M_FGXOWB00044,7H,124.861
M_30168,7H,124.861
M_31440,7H,126.096
M_11051,7H,126.096
M_220920,7H,126.096
M_FGXOWB00104,7H,126.096
M_31294,7H,126.096
M_21464,7H,128.596
M_10169,7H,128.596
M_bPb4191,7H,129.831
M_20824,7H,131.066
M_FGXOWB00143,7H,131.066
M_Bmag0120,7H,131.066
M_10362,7H,132.3
M_20406,7H,132.3
M_DsT30,7H,132.3
M_WG380B,7H,133.535
M_bPb2433,7H,138.668
M_10563,7H,138.668
M_bPb0027,7H,138.668
M_bPb9908,7H,138.668
M_FGXOWB00405,7H,138.668
M_105081,7H,139.902
M_FGXOWB00136,7H,139.902
M_FGXOWB00094,7H,139.902
M_bPb4272,7H,139.902
M_ABC310B,7H,143.701
M_FGXOWB00064,7H,143.701
M_30164,7H,143.701
M_FGXOWB00145,7H,143.701
M_11184,7H,143.701
M_FGXOWB00124,7H,144.936
M_bPb8498,7H,144.936
M_FGXOWB00316,7H,146.171
M_bPb6186,7H,146.171
M_31232,7H,146.171
M_11243,7H,146.171
M_bPb4389,7H,146.171
M_Ris44,7H,146.171
M_20217,7H,146.171
M_20354,7H,151.303
M_31535,7H,151.303
M_31483,7H,151.303
M_11279,7H,159.215
M_21209,7H,159.215
M_FGXOWB00144,7H,159.215
M_21229,7H,159.215
M_FGXOWB00133,7H,160.449
M_221079,7H,160.449
M_FGXOWB00283,7H,162.95
M_10861,7H,164.184
M_FGXOWB00054,7H,164.184
M_FGXOWB00048,7H,164.184
M_ABC253,7H,164.184
M_10797,7H,170.687
M_bPb7739,7H,170.687
M_FGXOWB00049,7H,170.687
M_30831,7H,170.687
M_30380,7H,171.922
M_31282,7H,173.156
M_bPb6167,7H,173.156
M_bPb8644,7H,173.156
M_31241,7H,173.156
M_bPb0889,7H,173.156
M_FGXOWB00499,7H,173.156
M_bPb0758,7H,173.156
M_bPb5923,7H,173.156
M_bPb1556,7H,173.156
M_bPb0917,7H,173.156
M_ABG461A,7H,173.156
M_bPb4394,7H,173.156
M_10973,7H,173.156
M_222159,7H,173.156
M_31491,7H,176.956
M_bPb0981,7H,176.956
M_bPb7983,7H,176.956
M_10550,7H,176.956
M_21280,7H,176.956
M_220949,7H,176.956
M_bPb3980,7H,176.956
M_bPb1631,7H,176.956
M_31325,7H,176.956
M_20753,7H,176.956
M_FGXOWB00067,7H,176.956
M_FGXOWB00027,7H,176.956
M_21363,7H,178.19
M_10843,7H,178.19
M_20414,7H,178.19
M_31166,7H,178.19
M_21223,7H,178.19
M_DsT69,7H,178.19
M_222528,7H,178.19
M_WG380A,7H,178.19
M_20452,7H,178.19
M_11440,7H,178.19
M_30593,7H,178.19
M_bPb8833,7H,178.19
M_FGXOWB00019,7H,179.425
M_20640,7H,179.425
M_bPb2121,7H,180.66
M_10130,7H,180.66
M_bPb3232,7H,180.66
M_bPb9948,7H,180.66
M_223928,7H,180.66
M_bPb5898,7H,180.66
M_FGXOWB00425,7H,181.137
M_10896,7H,181.887
M_11309,7H,181.887
M_11275,7H,181.887
M_20962,7H,181.887
M_221299,7H,181.887
M_31489,7H,183.122
M_FGXOWB00277,7H,183.122
M_FGXOWB00361,7H,183.122
M_GBM1065,7H,184.356
M_FGXOWB00234,7H,184.356
M_FGXOWB00235,7H,184.356
M_30244,7H,184.356
M_223404,7H,185.591
M_FGXOWB00091,7H,195.827
M_31019,7H,201.516
M_bPb9884,7H,201.516
M_FGXOWB00347,7H,201.516
M_10378,7H,201.516
M_KFP255,7H,201.516
M_bPb0328,7H,201.516
M_ThA1,7H,204.017
